date,mean_precipitation,temperature_2m_max,temperature_2m_min,surface_net_solar_radiation_sum,temperature_2m_mean,cumulative_precipitation
2023-01-01,0.06471872319480099,20.331948852539085,10.94507751464846,9554636.0,288.78851318359375,0.0
2023-01-02,13.05435895909568,20.314294433593773,16.909951782226585,1972952.0,291.76212310791016,0.0
2023-01-03,45.183080144227006,22.358087158203148,18.121209716796898,5017724.0,293.3896484375,0.0
2023-01-04,0.001720861632747983,18.893914794921898,8.48694763183596,10242100.0,286.8404312133789,0.0
2023-01-05,0.0017106532936850272,11.94654235839846,4.938775634765648,10501812.0,281.59265899658203,0.0
2023-01-06,0.08977353559203038,12.325769042968773,2.1627746582031477,9614568.0,280.39427185058594,0.0
2023-01-07,3.476739881989488,14.983270263671898,7.612405395507835,1371188.0,284.44783782958984,0.0
2023-01-08,0.42116641998291016,13.52527770996096,6.908013916015648,8376804.0,283.3666458129883,0.0
2023-01-09,0.0013053416410002683,12.361779785156273,0.6847778320312727,9981766.0,279.67327880859375,0.0
2023-01-10,0.0004351138045421976,16.315942382812523,5.300149536132835,10184784.0,283.95804595947266,0.0
2023-01-11,0.12069940567016602,21.251687622070335,12.280938720703148,7376630.0,289.9163131713867,0.0
2023-01-12,6.965398788452148,18.55231628417971,7.07007751464846,4276104.0,285.96119689941406,0.0
2023-01-13,0.00686049457954141,6.979226684570335,1.7681671142578352,6369022.0,277.52369689941406,0.0
2023-01-14,0.0,6.66285095214846,-2.8548797607421648,11138102.0,275.0539855957031,0.0
2023-01-15,0.0013049809126641776,12.866357421875023,0.37737426757814774,10979378.0,279.77186584472656,0.0
2023-01-16,0.4728367957795854,15.947167968750023,8.54474792480471,1269460.0,285.39595794677734,0.0
2023-01-17,1.6603797673155896,19.98163757324221,13.880090332031273,7434934.0,290.0808639526367,0.0
2023-01-18,7.490256428713593,20.02826843261721,12.865716552734398,3433504.0,289.5969924926758,0.0
2023-01-19,9.560388326576685,18.219201660156273,10.031243896484398,11418380.0,287.2752227783203,0.0
2023-01-20,0.001722275101201376,9.38385925292971,3.1140228271484602,11417126.0,279.39894104003906,0.0
2023-01-21,0.0004351138045421976,9.895928955078148,-0.10564270019528976,8950304.0,278.0451431274414,0.0
2023-01-22,5.149364471435547,9.291482543945335,4.48456726074221,6339646.0,280.03802490234375,0.0
2023-01-23,1.4456927776222983,7.946832275390648,0.40487060546877274,9063590.0,277.3258514404297,0.0
2023-01-24,2.9897719620635144,9.443048095703148,-0.8022521972656023,6202486.0,277.47039794921875,0.0
2023-01-25,14.102908968823158,6.708673095703148,2.3064208984375227,5016842.0,277.6575469970703,0.0
2023-01-26,0.22559296547797203,5.989892578125023,1.2385650634765852,8812854.0,276.7642288208008,0.0
2023-01-27,0.0066965817495656665,13.26191101074221,-0.6403259277343523,12264532.0,279.4607925415039,0.0
2023-01-28,0.9774267672923997,10.284463500976585,4.043740844726585,3395320.0,280.31410217285156,0.0
2023-01-29,14.345561088987324,14.21021423339846,9.18366394042971,2728928.0,284.84693908691406,0.0
2023-01-30,3.522217220904622,12.093225097656273,1.6276794433593977,2198394.0,280.0104522705078,0.0
2023-01-31,15.745532564551468,1.3084960937500227,-3.5298675537109148,1945768.0,272.03931427001953,0.0
2023-02-01,3.49536232306491,0.37357482910158524,-3.4929107666015398,5379292.0,271.59033203125,0.0
2023-02-02,6.199640035617904,2.4668518066406477,-1.8769744873046648,4094372.0,273.44493865966797,0.0
2023-02-03,0.00038743019104003906,3.4281402587890852,-2.3971160888671648,13101464.0,273.66551208496094,0.0
2023-02-04,0.0,8.366906738281273,-3.9091705322265398,9699322.0,275.37886810302734,0.0
2023-02-05,0.001267870288756967,15.435357666015648,2.8927856445312727,12957372.0,282.31407165527344,0.0
2023-02-06,0.0004351138045421976,18.416848754882835,2.0315795898437727,12306882.0,283.3742141723633,0.0
2023-02-07,0.006628036487654754,19.788491821289085,9.523248291015648,10379750.0,287.80587005615234,0.0
2023-02-08,6.348618865008149,19.498452758789085,10.665612792968773,2989892.0,288.2320327758789,0.0
2023-02-09,16.18885993946151,18.716287231445335,7.937158203125023,13739230.0,286.47672271728516,0.0
2023-02-10,0.0011056660582653421,12.005822753906273,3.9318481445312727,9830822.0,281.11883544921875,0.0
2023-02-11,0.29038443801709946,9.530923461914085,2.5559020996093977,11667362.0,279.1934127807617,0.0
2023-02-12,0.0,12.888345336914085,-0.23607482910153976,14607540.0,279.47613525390625,0.0
2023-02-13,0.0,17.191751098632835,4.390863037109398,14245196.0,283.9413070678711,0.0
2023-02-14,5.163368255466594,16.722375488281273,7.833825683593773,6497702.0,285.4281005859375,0.0
2023-02-15,3.10272559755731,22.129998779296898,14.851724243164085,9796982.0,291.64086151123047,0.0
2023-02-16,13.390691913627961,19.322106933593773,12.659844970703148,4458746.0,289.14097595214844,0.0
2023-02-17,0.018984079360961914,11.44556579589846,0.9995666503906477,14986790.0,279.37256622314453,0.0
2023-02-18,0.0021583064722108247,11.181146240234398,-2.1633666992187273,15223302.0,277.6588897705078,0.0
2023-02-19,0.0017306896324953414,16.108865356445335,5.121682739257835,12978022.0,283.76527404785156,0.0
2023-02-20,0.0,21.467019653320335,12.797021484375023,10611506.0,290.28202056884766,0.0
2023-02-21,0.00257942849657411,19.717141723632835,8.931436157226585,10432426.0,287.4742889404297,0.0
2023-02-22,6.900453567425302,23.642861938476585,17.492959594726585,8673538.0,293.71791076660156,0.0
2023-02-23,4.276815056698524,22.034951782226585,18.09021911621096,10879848.0,293.21258544921875,0.0
2023-02-24,2.3319303988955653,16.902215576171898,6.04456481933596,1901968.0,284.6233901977539,0.0
2023-02-25,8.48728460005077,9.08948669433596,6.903665161132835,2953820.0,281.1465759277344,0.0
2023-02-26,1.4660537241866223,13.195153808593773,8.26215515136721,2188352.0,283.87865447998047,0.0
2023-02-27,0.40513873091185815,22.452676391601585,13.454888916015648,14448654.0,291.1037826538086,0.0
2023-02-28,0.0025817898290370067,23.131860351562523,9.728906250000023,16176344.0,289.58038330078125,0.0
2023-03-01,0.163936614967497,22.48365173339846,15.195413208007835,6179300.0,291.9895324707031,0.0
2023-03-02,25.193214416503906,20.467675781250023,14.548867797851585,4525988.0,290.6582717895508,0.0
2023-03-03,34.47346687306663,20.192651367187523,12.48102722167971,6151454.0,289.4868392944336,0.0
2023-03-04,0.9982764719893567,16.237695312500023,9.469338989257835,12281836.771240234,286.0035171508789,0.0
2023-03-05,0.0004351138045421976,21.164147949218773,6.16236267089846,16845470.328125,286.8132553100586,0.0
2023-03-06,0.0025725612999849545,23.668908691406273,13.07422790527346,14811146.90234375,291.52156829833984,0.0
2023-03-07,0.003627988974130858,20.832269287109398,11.909753417968773,16345265.6015625,289.52101135253906,0.0
2023-03-08,6.102207169703888,15.670159912109398,9.014932250976585,5585942.4921875,285.49254608154297,0.0
2023-03-09,19.01005269712641,16.284204101562523,9.016564941406273,6558132.65625,285.8003845214844,0.0
2023-03-10,2.381104230778419,15.01178894042971,6.491540527343773,16331500.87109375,283.9016647338867,0.0
2023-03-11,3.565538821078462,12.571496582031273,4.920083618164085,6495148.62109375,281.89579010009766,0.0
2023-03-12,17.748957872299798,12.697625732421898,7.89167175292971,11211000.25,283.4446487426758,0.0
2023-03-13,0.005517404758847988,11.41053161621096,3.7014709472656477,18202600.8125,280.7060012817383,0.0
2023-03-14,0.000852346317969932,8.571328735351585,0.10662231445314774,18713716.1875,277.48897552490234,0.0
2023-03-15,0.0012881691304755805,12.632669067382835,-1.5849670410156023,18615382.3125,278.6738510131836,0.0
2023-03-16,0.897103548044953,17.860131835937523,6.78486022949221,9109003.25,285.47249603271484,0.0
2023-03-17,13.631338131574466,15.977563476562523,5.05951843261721,17904357.0,283.66854095458984,0.0
2023-03-18,-9.191296612698352e-06,8.995355224609398,0.41526184082033524,19128087.8125,277.85530853271484,0.0
2023-03-19,0.0012844800494349329,6.214196777343773,-2.9830383300781023,19125333.36328125,274.7655792236328,0.0
2023-03-20,0.001721326043480076,10.93494567871096,-3.3290008544921648,18961448.09375,276.9529724121094,0.0
2023-03-21,6.441799295561879,8.75653991699221,4.638543701171898,3373847.6953125,279.84754180908203,0.0
2023-03-22,17.555470629986303,22.234643554687523,9.122277832031273,5998028.0,288.8284606933594,0.0
2023-03-23,0.28998255720580346,23.871087646484398,17.121026611328148,6442250.0,293.64605712890625,0.0
2023-03-24,5.173450641450472,23.814309692382835,19.124108886718773,7818194.0,294.6192092895508,0.0
2023-03-25,10.474652086088554,21.353433227539085,11.410882568359398,17740402.0,289.5321578979492,0.0
2023-03-26,0.000852346317969932,24.374047851562523,8.043115234375023,19529552.0,289.35858154296875,0.0
2023-03-27,0.0,22.81257019042971,9.25141296386721,19714114.0,289.18199157714844,0.0
2023-03-28,0.6701946258544922,15.702127075195335,7.901269531250023,19084112.0,284.95169830322266,0.0
2023-03-29,0.000852346317969932,16.52131042480471,4.331842041015648,20348648.0,283.57657623291016,0.0
2023-03-30,0.0,20.91584167480471,7.597161865234398,15700228.0,287.40650177001953,0.0
2023-03-31,7.336258888244629,23.236550903320335,15.53272399902346,8004346.0,292.5346374511719,0.0
2023-04-01,2.3922279240977673,20.57300720214846,15.239099121093773,20471764.0,291.0560531616211,0.0
2023-04-02,0.0025710543063439673,21.856973266601585,6.228540039062523,20494522.0,287.19275665283203,0.0
2023-04-03,23.477126640216284,23.22907409667971,12.388391113281273,12588474.0,290.95873260498047,0.0
2023-04-04,0.42091310024261475,27.845727539062523,19.431756591796898,11463422.0,296.7887420654297,0.0
2023-04-05,7.296383380889893,26.26081237792971,21.509545898437523,7326988.0,297.0351791381836,0.0
2023-04-06,27.764248847859108,20.722756958007835,8.67499694824221,6028522.0,287.848876953125,0.0
2023-04-07,0.04414523510831714,16.25623474121096,9.522760009765648,12930572.0,286.0394973754883,0.0
2023-04-08,0.09569344132387414,17.957620239257835,10.256448364257835,14299578.0,287.2570343017578,0.0
2023-04-09,0.1421868799980075,18.150048828125023,12.35785827636721,10135088.0,288.4039535522461,0.0
2023-04-10,0.029194354908668174,21.098321533203148,10.560632324218773,15357494.0,288.97947692871094,0.029194354908668174
2023-04-11,0.003004073732881807,22.59778747558596,7.993554687500023,21591978.0,288.44567108154297,0.03219842864154998
2023-04-12,-1.1921656550839543e-05,23.935510253906273,8.600701904296898,21672740.0,289.41810607910156,0.03218650698499914
2023-04-13,0.2203136682510376,22.664483642578148,10.524591064453148,14148002.0,289.7445373535156,0.25250017523603674
2023-04-14,0.09359717358847774,21.840997314453148,15.02790222167971,12396938.0,291.5844497680664,0.3460973488245145
2023-04-15,1.0425099698068152,25.801080322265648,14.97773132324221,11841752.0,293.5394058227539,1.3886073186313297
2023-04-16,8.049034181340176,23.61640319824221,10.030511474609398,21032498.0,289.9734573364258,9.437641499971505
2023-04-17,0.0017131263234659855,21.385522460937523,9.255700683593773,22698478.0,288.4706115722656,9.439354626294971
2023-04-18,0.0017224063526555256,24.549859619140648,11.25385437011721,21898888.0,291.0518569946289,9.441077032647627
2023-04-19,0.0025781586714401783,26.21875915527346,14.17194519042971,21576644.0,293.34535217285156,9.443655191319067
2023-04-20,0.0,25.954919433593773,16.822015380859398,19469654.0,294.53846740722656,9.443655191319067
2023-04-21,58.28595161437988,24.06208190917971,11.874871826171898,4661702.0,291.1184768676758,67.72960680569895
2023-04-22,0.028699636459350586,19.100152587890648,6.833963012695335,21583800.0,286.11705780029297,67.7583064421583
2023-04-23,0.3151744604110718,16.97559509277346,7.607293701171898,19193422.0,285.44144439697266,68.07348090256937
2023-04-24,0.001704692635939864,17.038903808593773,5.634912109375023,22833334.0,284.4869079589844,68.07518559520531
2023-04-25,0.31006489922447145,18.36432800292971,8.606561279296898,18579316.0,286.6354446411133,68.38525049442978
2023-04-26,0.8305758237838745,20.609902954101585,10.276101684570335,16294832.0,288.59300231933594,69.21582631821366
2023-04-27,7.85711407661438,19.862283325195335,13.18958435058596,6352806.0,289.6759338378906,77.07294039482804
2023-04-28,3.9595842360427014,19.01270446777346,12.733575439453148,11131628.0,289.0231399536133,81.03252463087074
2023-04-29,8.02937745993404,19.047891235351585,12.881692504882835,8199458.0,289.1147918701172,89.06190209080478
2023-04-30,0.0673294067041752,19.179681396484398,11.16523132324221,19156950.0,288.3224563598633,89.12923149750895
2023-05-01,0.0008604752679275407,18.78168640136721,9.61493835449221,23535786.0,287.3483123779297,89.13009197277688
2023-05-02,0.0004351138613856165,19.698648071289085,8.670312500000023,23504406.0,287.33448028564453,89.13052708663827
2023-05-03,0.0,21.07422790527346,8.958062744140648,23770806.0,288.16614532470703,89.13052708663827
2023-05-04,0.0008583068797918258,24.31836853027346,8.276269531250023,20323098.0,289.4473190307617,89.13138539351806
2023-05-05,7.9425898691170005,22.32477722167971,14.00238952636721,8508076.0,291.31358337402344,97.07397526263506
2023-05-06,1.032078266138825,27.27869567871096,18.272424316406273,13445354.0,295.9255599975586,98.10605352877388
2023-05-07,0.9220331907258128,28.366250610351585,20.048242187500023,15471988.0,297.3572463989258,99.0280867194997
2023-05-08,0.006386637682709306,28.707437133789085,19.878656005859398,17919480.0,297.4430465698242,99.0344733571824
2023-05-09,2.4445001281030443,29.755654907226585,20.07361755371096,19190982.0,298.06463623046875,101.47897348528545
2023-05-10,7.143843173878395,27.74463806152346,19.351953125000023,15650056.0,296.6982955932617,108.62281665916385
2023-05-11,4.2487114666869275,27.965203857421898,20.15509948730471,12703578.0,297.2101516723633,112.87152812585077
2023-05-12,24.243894219353024,27.230508422851585,19.669412231445335,8614114.0,296.59996032714844,137.1154223452038
2023-05-13,6.67821168896765,28.974771118164085,20.223992919921898,18168554.0,297.74938201904297,143.79363403417145
2023-05-14,0.9300112724304199,30.613397216796898,20.16211853027346,20456156.0,298.53775787353516,144.72364530660187
2023-05-15,0.18254518499816186,31.210610961914085,21.04725036621096,20081338.0,299.2789306640625,144.90619049160003
2023-05-16,7.264131307636035,29.216851806640648,21.807733154296898,18790768.0,298.66229248046875,152.17032179923606
2023-05-17,2.105140685898732,24.331155395507835,18.183892822265648,12806780.0,294.4075241088867,154.2754624851348
2023-05-18,0.06508827209472656,27.588739013671898,17.899041748046898,17673080.0,295.8938903808594,154.34055075722952
2023-05-19,0.161096453666687,27.769036865234398,18.367639160156273,15539618.0,296.2183380126953,154.5016472108962
2023-05-20,18.99154484272003,26.75196228027346,16.664208984375023,17168180.0,294.8580856323242,173.49319205361624
2023-05-21,0.0,23.976770019531273,14.23151550292971,20562614.0,292.25414276123047,173.49319205361624
2023-05-22,0.0008583068797918258,26.692300415039085,15.787957763671898,22501966.0,294.39012908935547,173.49405036049603
2023-05-23,0.4352509974978602,26.629235839843773,17.853067016601585,16228422.0,295.39115142822266,173.9293013579939
2023-05-24,0.025082681133881124,27.096658325195335,16.039392089843773,21023176.0,294.71802520751953,173.95438403912777
2023-05-25,0.014662742614746094,27.979516601562523,18.193566894531273,19079220.0,296.2365417480469,173.96904678174252
2023-05-26,0.0013023612837059773,26.222100830078148,17.618859863281273,23163818.0,295.0704803466797,173.97034914302623
2023-05-27,1.086607575302878,26.05951843261721,15.67945251464846,21987462.0,294.0194854736328,175.0569567183291
2023-05-28,0.39839395384433374,27.405068969726585,15.371911621093773,20463682.0,294.53849029541016,175.45535067217344
2023-05-29,0.0,28.203591918945335,15.91932067871096,23638322.0,295.2114562988281,175.45535067217344
2023-05-30,0.0008612870487922919,29.217309570312523,16.89380798339846,19379478.0,296.20555877685547,175.45621195922223
2023-05-31,0.09708106517791748,29.458215332031273,19.52900085449221,18832006.0,297.6436080932617,175.55329302440015
2023-06-01,0.2489328384349676,30.36390075683596,19.610711669921898,21334014.0,298.1373062133789,175.80222586283512
2023-06-02,0.03459876387523764,31.197000122070335,20.171563720703148,21700168.0,298.8342819213867,175.83682462671035
2023-06-03,0.000852346317969932,31.935281372070335,19.898461914062523,22161926.0,299.0668716430664,175.83767697302832
2023-06-04,0.0062286853221849015,32.23311767578127,19.483743286132835,20727748.0,299.00843048095703,175.8439056583505
2023-06-05,1.5065252779891125,31.89539489746096,21.129907226562523,20939162.0,299.6626510620117,177.35043093633962
2023-06-06,0.062283418106545696,31.29151306152346,19.814477539062523,22904066.0,298.70299530029297,177.41271435444617
2023-06-07,0.001716613667213096,32.31794128417971,17.920938110351585,24169888.0,298.2694396972656,177.41443096811338
2023-06-08,0.10213553895255245,30.16669616699221,21.102227783203148,19598044.0,298.78446197509766,177.51656650706593
2023-06-09,0.17760395996901934,29.173272705078148,20.85108337402346,19860944.0,298.1621780395508,177.69417046703495
2023-06-10,0.39046665415298776,29.634851074218773,20.15534362792971,16873862.0,298.0450973510742,178.08463712118794
2023-06-11,9.306460618972778,31.188409423828148,22.101495361328148,18040804.0,299.7949523925781,187.39109774016072
2023-06-12,2.1403372287700506,25.999749755859398,20.226434326171898,16453918.0,296.2630920410156,189.53143496893077
2023-06-13,0.24176844577183942,28.565530395507835,17.499505615234398,20868976.0,296.1825180053711,189.7732034147026
2023-06-14,5.836120972730896,27.988885498046898,20.747552490234398,13121052.0,297.5182189941406,195.6093243874335
2023-06-15,15.142325496015019,29.514489746093773,19.66010437011721,15914466.0,297.73729705810547,210.75164988344852
2023-06-16,0.16697796786502295,32.31881103515627,21.428994750976585,16574490.0,300.0239028930664,210.91862785131354
2023-06-17,0.1957470367415226,31.221124267578148,21.44782409667971,22071180.0,299.4844741821289,211.11437488805507
2023-06-18,8.602827787399292,30.587548828125023,22.959466552734398,12815650.0,299.9235076904297,219.71720267545436
2023-06-19,7.97957181930542,29.298150634765648,19.528359985351585,19852142.0,297.5632553100586,227.69677449475978
2023-06-20,0.001742466679388599,30.192651367187523,20.800149536132835,21799462.0,298.64640045166016,227.69851696143917
2023-06-21,0.40118694295188106,28.73902282714846,21.811853027343773,16960734.0,298.4254379272461,228.09970390439105
2023-06-22,0.18611166973414583,28.566827392578148,21.36261901855471,19633458.0,298.1147232055664,228.2858155741252
2023-06-23,0.011522945726483158,31.30341491699221,19.97028503417971,19651036.0,298.78684997558594,228.29733851985168
2023-06-24,0.0017225741544280027,32.989175415039085,22.040994262695335,23184646.0,300.6650848388672,228.2990610940061
2023-06-25,0.4081017306134527,35.07862243652346,25.739343261718773,19678462.0,303.5589828491211,228.70716282461956
2023-06-26,0.07891674420079653,33.74990234375002,23.718240356445335,23375902.0,301.88407135009766,228.78607956882036
2023-06-27,0.0004261732051702438,32.481546020507835,19.486352539062523,22076396.0,299.13394927978516,228.78650574202553
2023-06-28,0.0008583068797918258,34.27932128906252,20.76661071777346,21872520.0,300.67296600341797,228.78736404890532
2023-06-29,0.0012874602930423862,36.20636901855471,26.33783874511721,21706558.0,304.42210388183594,228.78865150919836
2023-06-30,0.019670178573960584,36.4355407714844,25.85761413574221,21785902.0,304.2965774536133,228.80832168777232
2023-07-01,0.11076272285848177,34.975320434570335,27.056665039062523,20092972.0,304.1659927368164,228.9190844106308
2023-07-02,0.21119415760040283,34.72442016601565,27.485375976562523,21533244.0,304.25489807128906,229.1302785682312
2023-07-03,0.6311982869533495,33.51839599609377,23.999780273437523,20106822.0,301.9090881347656,229.76147685518455
2023-07-04,4.316437244312965,32.47625122070315,24.363458251953148,17753980.0,301.5698547363281,234.07791409949752
2023-07-05,3.0589252709773973,32.83838806152346,24.095391845703148,20331924.0,301.6168899536133,237.13683937047492
2023-07-06,2.3067623376391566,32.048623657226585,23.887353515625023,20824490.0,301.1179885864258,239.44360170811407
2023-07-07,22.114995121853553,31.287210083007835,22.630548095703148,14420890.0,300.10887908935547,261.55859682996766
2023-07-08,1.6480936629257315,30.77662048339846,24.409631347656273,15581956.0,300.74312591552734,263.20669049289336
2023-07-09,38.807172694841796,29.37940368652346,23.256555175781273,6790896.0,299.46797943115234,302.0138631877352
2023-07-10,0.2073353849709747,28.363397216796898,19.170465087890648,22051420.0,296.91693115234375,302.22119857270616
2023-07-11,0.0021434707946355047,30.127862548828148,18.838281250000023,21371796.0,297.63307189941406,302.2233420435008
2023-07-12,1.5440140224427523,30.15052185058596,23.39991149902346,15308762.0,299.9252166748047,303.76735606594355
2023-07-13,0.28620582884286705,31.129113769531273,24.68500671386721,12981262.0,301.0570602416992,304.0535618947864
2023-07-14,0.29581189155081233,30.951348876953148,25.54956970214846,11464494.0,301.4004592895508,304.3493737863372
2023-07-15,14.661163091659546,31.27655944824221,24.428125000000023,14931306.0,301.0023422241211,319.01053687799674
2023-07-16,0.0016540288925170898,32.80291137695315,22.471780395507835,21405424.0,300.78734588623047,319.01219090688926
2023-07-17,0.0058591364791027445,33.5773864746094,22.285852050781273,21846440.0,301.0816192626953,319.01805004336836
2023-07-18,0.0025358440893796796,34.95424804687502,25.497094726562523,19256620.0,303.37567138671875,319.02058588745774
2023-07-19,0.0017253826172236586,34.12783203125002,27.602990722656273,18014410.0,304.0154113769531,319.02231127007497
2023-07-20,0.001255536744793062,34.700723266601585,27.48584899902346,19472692.0,304.2432861328125,319.02356680681976
2023-07-21,30.95182478417513,32.92043457031252,24.64942321777346,11262366.0,301.93492889404297,349.9753915909949
2023-07-22,2.1922051906244633,27.817239379882835,22.280938720703148,18336194.0,298.19908905029297,352.16759678161935
2023-07-23,0.030428171044150076,30.265435791015648,20.190789794921898,19998878.0,298.37811279296875,352.1980249526635
2023-07-24,0.0008583068833445395,33.27944335937502,21.808374023437523,21991582.0,300.69390869140625,352.19888325954685
2023-07-25,0.0013033691175223794,33.61748657226565,23.321145629882835,21986246.0,301.6193161010742,352.20018662866437
2023-07-26,0.012919410551148758,33.669534301757835,25.659387207031273,17527100.0,302.81446075439453,352.2131060392155
2023-07-27,0.039422512053022274,35.19674072265627,26.32947692871096,20680596.0,303.9131088256836,352.25252855126854
2023-07-28,0.0,35.51821289062502,25.471963500976585,22025846.0,303.6450881958008,352.25252855126854
2023-07-29,0.0655064587817833,35.6339050292969,26.046563720703148,21539154.0,303.990234375,352.3180350100503
2023-07-30,1.1172890663146973,34.12641296386721,25.507119750976585,20726176.0,302.9667663574219,353.435324076365
2023-07-31,0.1086473464511073,32.66340026855471,24.73438415527346,19420868.0,301.84889221191406,353.5439714228161
2023-08-01,0.002139555988378561,31.42206726074221,25.236596679687523,15585314.0,301.47933197021484,353.5461109788045
2023-08-02,0.1500368118172446,34.30291137695315,24.566873168945335,18740860.0,302.5848922729492,353.69614779062175
2023-08-03,0.17102360715171017,36.7097106933594,28.047662353515648,20004652.0,305.5286865234375,353.86717139777346
2023-08-04,3.4768521785686346,35.35970458984377,27.426354980468773,15081764.0,304.54302978515625,357.3440235763421
2023-08-05,3.4079194068858953,34.31171569824221,26.25733337402346,17773148.0,303.4345245361328,360.751942983228
2023-08-06,0.011116266250610352,35.40046081542971,26.371743774414085,19775016.0,304.0361022949219,360.7630592494786
2023-08-07,0.1925647258644858,33.92562255859377,27.63404235839846,15871540.0,303.9298324584961,360.9556239753431
2023-08-08,0.776314855727378,30.347680664062523,22.936914062500023,14711972.0,299.79229736328125,361.73193883107047
2023-08-09,6.334339869681571,30.627603149414085,22.418908691406273,7814684.0,299.67325592041016,368.06627870075204
2023-08-10,32.06398487088791,29.994256591796898,22.15039978027346,10813298.0,299.22232818603516,400.13026357163994
2023-08-11,0.9429991245255565,33.18171081542971,24.079309082031273,16691798.0,301.78050994873047,401.0732626961655
2023-08-12,0.012511014933380693,32.62696228027346,26.790750122070335,13043940.0,302.8588562011719,401.0857737110989
2023-08-13,0.1307725905803636,34.47376403808596,25.45649108886721,17365318.0,303.11512756347656,401.2165463016793
2023-08-14,0.21319091320037842,33.57422790527346,27.186441040039085,17861612.0,303.53033447265625,401.42973721487965
2023-08-15,0.043258070945739746,30.266412353515648,21.002465820312523,15190534.0,298.78443908691406,401.4729952858254
2023-08-16,0.024050474166870117,26.61316833496096,19.073754882812523,16266328.0,295.9934616088867,401.49704575999226
2023-08-17,0.0,30.709283447265648,18.79956970214846,20931552.0,297.90442657470703,401.49704575999226
2023-08-18,0.0008642673492431641,31.54212341308596,23.365533447265648,19581048.0,300.6038284301758,401.4979100273415
2023-08-19,0.0,33.321572875976585,20.83966979980471,20448528.0,300.2306213378906,401.4979100273415
2023-08-20,0.0004351138613856165,35.15046081542971,22.472390747070335,19461838.0,301.96142578125,401.4983451412029
2023-08-21,0.000870227722771233,35.57991943359377,23.656167602539085,20190870.0,302.7680435180664,401.49921536892566
2023-08-22,0.008004903691016807,34.29407653808596,25.331826782226585,16177132.0,302.96295166015625,401.5072202726167
2023-08-23,0.0017224120938408305,35.42055664062502,26.132073974609398,19894606.0,303.9263153076172,401.5089426847105
2023-08-24,0.00043296006424498046,36.307412719726585,25.80768737792971,19683946.0,304.2075500488281,401.50937564477476
2023-08-25,0.0,37.32410583496096,26.115213012695335,19109918.0,304.8696594238281,401.50937564477476
2023-08-26,0.02363026140983493,37.271890258789085,26.602716064453148,18587872.0,305.0873031616211,401.5330059061846
2023-08-27,13.376981019973755,33.74123535156252,24.117089843750023,12896090.0,302.07916259765625,414.90998692615835
2023-08-28,0.08352100849151611,30.020135498046898,23.44825134277346,17352008.0,299.88419342041016,414.99350793464987
2023-08-29,0.0025749206429281912,29.723596191406273,20.81977233886721,20090340.0,298.4216842651367,414.9960828552928
2023-08-30,0.0721818449278544,29.371728515625023,20.399713134765648,16866204.0,298.0357208251953,415.06826470022065
2023-08-31,0.0004351138045421976,27.361230468750023,18.189599609375023,20328320.0,295.9254150390625,415.0686998140252
2023-09-01,0.021625543013215065,29.27350769042971,18.17096862792971,17844106.0,296.8722381591797,415.0903253570384
2023-09-02,2.057559241279705,28.807214355468773,23.384240722656273,12172190.0,299.2457275390625,417.1478845983181
2023-09-03,0.6542086600234143,31.408288574218773,23.315896606445335,15539934.0,300.51209259033203,417.80209325834153
2023-09-04,0.9031414985543051,34.052774047851585,24.62482604980471,16515268.0,302.4888000488281,418.70523475689583
2023-09-05,8.070006966590881,30.767938232421898,23.743264770507835,14899644.0,300.40560150146484,426.7752417234867
2023-09-06,2.1473169326782227,33.8765808105469,24.52308044433596,16434424.0,302.3498306274414,428.92255865616494
2023-09-07,0.035870075123511924,32.179971313476585,21.039758300781273,19145588.0,299.7598648071289,428.95842873128845
2023-09-08,0.030517578125,28.06342468261721,19.193093872070335,15728474.0,296.77825927734375,428.98894630941345
2023-09-09,0.003436207748563902,27.62317810058596,19.712442016601585,17684048.0,296.81781005859375,428.992382517162
2023-09-10,0.03123342003163998,28.026651000976585,18.966027832031273,14801150.0,296.6463394165039,429.02361593719365
2023-09-11,0.0004315463115744933,29.62568054199221,18.592446899414085,17141496.0,297.2590637207031,429.0240474835052
2023-09-12,3.1807273626327515,27.631616210937523,20.914834594726585,9892648.0,297.42322540283203,432.204774846138
2023-09-13,0.0086903571059338,27.093286132812523,19.461892700195335,16351960.0,296.4275894165039,432.2134652032439
2023-09-14,0.0017225741544280027,27.19117126464846,18.847009277343773,16135730.0,296.1690902709961,432.21518777739834
2023-09-15,0.00044107436991680515,28.007409667968773,16.723474121093773,18629310.0,295.51544189453125,432.21562885176826
2023-09-16,0.0,28.56379089355471,18.17670593261721,17838826.0,296.52024841308594,432.21562885176826
2023-09-17,0.007453560726844444,28.407586669921898,17.51789245605471,16371462.0,296.1127395629883,432.2230824124951
2023-09-18,0.0,27.04065856933596,15.10975036621096,17781892.0,294.22520446777344,432.2230824124951
2023-09-19,0.0008583068797918258,29.353936767578148,17.011529541015648,17955398.0,296.3327331542969,432.2239407193749
2023-09-20,4.145830869674683,28.616983032226585,18.48011169433596,12115460.0,296.69854736328125,436.3697715890496
2023-09-21,1.7076611517836682,30.157937622070335,20.253411865234398,15695116.0,298.35567474365234,438.0774327408333
2023-09-22,0.00300407407394232,29.966104125976585,20.440759277343773,14439246.0,298.35343170166016,438.0804368149072
2023-09-23,0.0,30.96216735839846,19.954705810546898,16932510.22265625,298.60843658447266,438.0804368149072
2023-09-24,6.0975998640060425,28.332376098632835,21.991555786132835,6653133.24609375,298.3119659423828,444.17803667891326
2023-09-25,0.44840562770787074,30.986199951171898,20.474649047851585,16458278.65625,298.8804244995117,444.62644230662113
2023-09-26,0.0004261732051702438,31.67389831542971,18.660424804687523,17043719.75,298.3171615600586,444.62686847982627
2023-09-27,0.002950429916381836,32.288552856445335,18.602151489257835,16694021.875,298.59535217285156,444.62981890974265
2023-09-28,0.013470649719238281,31.65601501464846,22.382958984375023,15506087.0625,300.1694869995117,444.6432895594619
2023-09-29,0.0008523463748133508,31.714379882812523,21.020715332031273,16468887.25,299.5175476074219,444.6441419058367
2023-09-30,0.00196594885437662,31.803521728515648,19.869622802734398,14903263.4375,298.986572265625,444.6461078546911
2023-10-01,0.0004467606977698324,31.494409179687523,20.117730712890648,15966587.7421875,298.95606994628906,444.6465546153888
2023-10-02,0.0,30.805474853515648,21.816934204101585,10983815.046875,299.4612045288086,444.6465546153888
2023-10-03,0.0017344801790386555,30.427606201171898,19.809930419921898,14853549.375,298.2687683105469,444.64828909556786
2023-10-04,3.8656145334243774,27.827630615234398,20.967553710937523,5642420.4296875,297.54759216308594,448.51390362899224
2023-10-05,12.036722898471908,21.870278930664085,19.703546142578148,3184921.375,293.9369125366211,460.55062652746415
2023-10-06,0.019252300262451172,25.634210205078148,17.021813964843773,15703374.18359375,294.47801208496094,460.5698788277266
2023-10-07,0.0,21.98932800292971,10.953607177734398,16535732.2890625,289.62146759033203,460.5698788277266
2023-10-08,0.0008584349870943697,21.032983398437523,8.887506103515648,16073290.9609375,288.11024475097656,460.5707372627137
2023-10-09,0.000852346317969932,26.09186706542971,14.345147705078148,15568584.686523438,293.3685073852539,460.57158960903166
2023-10-10,0.001728812890178233,25.44202575683596,14.21314392089846,15453588.0,292.9775848388672,460.57331842192184
2023-10-11,0.0,25.18177185058596,17.43000183105471,8408618.0,294.4558868408203,460.57331842192184
2023-10-12,0.0029981135298839945,23.982324218750023,13.561029052734398,10253616.0,291.9216766357422,460.5763165354517
2023-10-13,0.029638996181802213,25.288873291015648,17.461846923828148,8955520.0,294.5253601074219,460.6059555316335
2023-10-14,0.8740305900118983,23.677606201171898,14.323419189453148,13230168.0,292.1505126953125,461.4799861216454
2023-10-15,0.6946265697251874,18.920571899414085,14.306695556640648,7883578.0,289.76363372802734,462.1746126913706
2023-10-16,0.0008606480470518818,18.628930664062523,10.073815917968773,14816254.0,287.5013732910156,462.17547333941764
2023-10-17,0.0017225741544280027,20.732019042968773,8.417459106445335,14846840.0,287.72473907470703,462.17719591357206
2023-10-18,0.002562998815847095,23.562982177734398,10.211511230468773,14603708.0,290.03724670410156,462.1797589123879
2023-10-19,0.5132198332944427,25.986291503906273,15.113381958007835,12916786.0,293.69983673095703,462.69297874568235
2023-10-20,0.0017116729509325523,25.55506286621096,14.182427978515648,14383998.0,293.0187454223633,462.6946904186333
2023-10-21,0.0012860662650382437,28.80024108886721,11.510949707031273,13478158.0,293.3055953979492,462.6959764848983
2023-10-22,0.0,24.208779907226585,15.546243286132835,13594288.0,293.0275115966797,462.6959764848983
2023-10-23,0.001716613667213096,27.46997985839846,16.147012329101585,10305366.0,294.95849609375,462.69769309856554
2023-10-24,0.001710653371844728,28.11390075683596,20.476663208007835,12148454.0,297.4452819824219,462.6994037519374
2023-10-25,0.0004351138613856165,27.676171875000023,19.69916687011721,13187836.0,296.8376693725586,462.69983886579877
2023-10-26,0.11456608763182885,27.383386230468773,20.565942382812523,11117638.0,297.1246643066406,462.8144049534306
2023-10-27,2.459263801540601,27.533181762695335,21.480645751953148,8255370.0,297.6569137573242,465.2736687549712
2023-10-28,11.774496277382696,25.174172973632835,20.930947875976585,3244274.0,296.2025604248047,477.0481650323539
2023-10-29,5.3311716337134385,20.776269531250023,13.077996826171898,3876738.0,290.07713317871094,482.37933666606733
2023-10-30,12.430551063289386,12.049462890625023,5.44397888183596,6125788.0,281.89672088623047,494.8098877293567
2023-10-31,0.0012814997489840607,11.323587036132835,2.1392303466797102,13682622.0,279.88140869140625,494.8111692291057
2023-11-01,0.0017180245777126402,9.181130981445335,0.7031951904297102,13674402.0,278.0921630859375,494.8128872536834
2023-11-02,0.0025716951199683535,14.607843017578148,1.1899353027343977,13170986.0,281.04888916015625,494.8154589488034
2023-11-03,-8.696304121258436e-06,18.475701904296898,4.563088989257835,13091444.0,284.66939544677734,494.81545025249926
2023-11-04,0.0034391878216410987,21.89985046386721,7.340249633789085,12334310.0,287.7700500488281,494.8188894403209
2023-11-05,0.1874966183095239,23.341577148437523,10.615777587890648,12132652.0,290.12867736816406,495.0063860586304
2023-11-06,0.0016951939301179664,25.522866821289085,13.481011962890648,11550928.0,292.65193939208984,495.00808125256054
2023-11-07,0.0,26.30066833496096,16.443231201171898,11161864.0,294.5219497680664,495.00808125256054
2023-11-08,0.07321845896512968,26.51471862792971,18.56891784667971,8333844.0,295.6918182373047,495.0812997115257
2023-11-09,8.101567512028396,24.077172851562523,12.19794616699221,1571450.0,291.28755950927734,503.18286722355407
2023-11-10,7.526040077209473,16.749963378906273,8.840753173828148,8821206.0,285.9453582763672,510.70890730076354
2023-11-11,0.003010032742167823,16.730401611328148,8.520562744140648,11212676.0,285.7754821777344,510.7119173335057
2023-11-12,0.0,18.295693969726585,8.85663757324221,10868806.0,286.7261657714844,510.7119173335057
2023-11-13,0.001727127028061659,19.592889404296898,7.146417236328148,10643450.0,286.5196533203125,510.71364446053377
2023-11-14,0.0,19.607827758789085,10.54706726074221,9011906.0,288.2274475097656,510.71364446053377
2023-11-15,0.0008583068797918258,18.439965820312523,9.945718383789085,7333496.0,287.3428421020508,510.7145027674136
2023-11-16,0.012842796820677904,21.70398864746096,12.880212402343773,10300668.0,290.44210052490234,510.72734556423427
2023-11-17,1.33427977550582,19.09339294433596,15.64765319824221,2219662.0,290.52052307128906,512.0616253397401
2023-11-18,0.11593401421805538,17.83265075683596,8.47791442871096,11448862.0,286.30528259277344,512.1775593539581
2023-11-19,0.0025857789296424016,16.568139648437523,4.851098632812523,11312354.0,283.859619140625,512.1801451328878
2023-11-20,19.787585735230095,15.236291503906273,10.371087646484398,3606186.0,285.9536895751953,531.9677308681179
2023-11-21,15.6228721140792,14.844293212890648,10.337426757812523,2207192.0,285.74085998535156,547.5906029821971
2023-11-22,0.007981061912687437,11.185144042968773,8.29126892089846,7096920.0,282.8882064819336,547.5985840441098
2023-11-23,0.0008583068797918258,14.32386169433596,3.2126556396484602,10870934.0,281.9182586669922,547.5994423509895
2023-11-24,0.0008523463748133508,13.230584716796898,4.44806823730471,9900676.0,281.9893264770508,547.6002946973643
2023-11-25,0.0,11.471398925781273,3.7007385253906477,9848504.0,280.73606872558594,547.6002946973643
2023-11-26,3.4781783818971235,12.24030456542971,5.059411621093773,5126880.0,281.7998580932617,551.0784730792615
2023-11-27,-9.528207556286361e-06,8.756387329101585,-0.6314605712890398,10935082.0,277.21246337890625,0.0
2023-11-28,0.000852346317969932,8.875695800781273,0.8863922119140852,10865978.0,278.03104400634766,0.0
2023-11-29,0.0008553265615773853,15.264443969726585,1.8915496826172102,10316146.0,281.7279968261719,0.0
2023-11-30,1.1143088340759277,12.916955566406273,6.473718261718773,7045050.0,282.8453369140625,0.0
2023-12-01,14.788693189416335,19.48578796386721,7.89185485839846,4976262.0,286.8388214111328,0.0
2023-12-02,0.0,15.732461547851585,7.446771240234398,8477008.0,284.73961639404297,0.0
2023-12-03,0.0,15.502709960937523,7.582696533203148,10251016.0,284.6927032470703,0.0
2023-12-04,0.023066997528076172,12.469888305664085,7.957513427734398,9458612.0,283.3637008666992,0.0
2023-12-05,0.0004351138045421976,15.218682861328148,3.5173736572265852,10206088.0,282.51802825927734,0.0
2023-12-06,0.0,10.50830993652346,2.3406768798828352,10175290.0,279.5744934082031,0.0
2023-12-07,0.0,15.002709960937523,3.7155853271484602,9522422.0,282.50914764404297,0.0
2023-12-08,0.6181542167951193,15.738992309570335,8.92975769042971,3964228.0,285.484375,0.0
2023-12-09,19.978925585746765,16.621865844726585,13.739404296875023,1428802.0,288.3306350708008,0.0
2023-12-10,0.0025560521521583723,12.682550048828148,4.838739013671898,10314072.0,281.91064453125,0.0
2023-12-11,0.000852346317969932,11.54358825683596,0.5089202880859602,10176642.0,279.17625427246094,0.0
2023-12-12,0.0017106532368416083,14.144891357421898,1.3447204589843977,9750148.0,280.8948059082031,0.0
2023-12-13,0.000852346317969932,13.89496765136721,3.4520812988281477,7407218.0,281.82352447509766,0.0
2023-12-14,0.000852346317969932,16.48365173339846,4.845849609375023,9758222.0,283.8147506713867,0.0
2023-12-15,0.0017106532368416083,16.078469848632835,6.413003540039085,9507882.0,284.39573669433594,0.0
2023-12-16,4.199254512684547,13.142907714843773,10.589807128906273,3450604.0,285.016357421875,0.0
2023-12-17,0.5982041358834067,11.97046813964846,3.9557586669922102,9366914.0,281.1131134033203,0.0
2023-12-18,0.0017046928064701206,9.911523437500023,4.504296875000023,10160512.0,280.35791015625,0.0
2023-12-19,0.0,7.760766601562523,-2.3071807861327898,9990628.0,275.87679290771484,0.0
2023-12-20,0.0004261732051702438,11.845193481445335,2.1573425292968977,8560428.0,280.1512680053711,0.0
2023-12-21,0.0,12.872430419921898,2.4263702392578352,7095526.0,280.79940032958984,0.0
2023-12-22,0.004190206425391807,16.30243835449221,2.5049835205078352,9266420.0,282.5537109375,0.0
2023-12-23,1.5949130058174887,17.392922973632835,11.411416625976585,4724372.0,287.5521697998047,0.0
2023-12-24,0.25762035232901326,17.699456787109398,12.269616699218773,4363404.0,288.13453674316406,0.0
2023-12-25,18.506574630634987,15.635491943359398,11.502114868164085,3810276.0,286.7188034057617,0.0
2023-12-26,0.00258088101645626,10.89637145996096,1.1389862060547102,10177692.0,279.1676788330078,0.0
2023-12-27,0.0012695788313976664,10.822198486328148,3.5607238769531477,6554914.0,280.3414611816406,0.0
2023-12-28,0.18534064292907715,7.43897399902346,0.7354217529297102,5072304.0,277.23719787597656,0.0
2023-12-29,1.163351535694801,5.57367858886721,1.1343170166015852,4084274.0,276.5039978027344,0.0
